word,reading,furigana
どうも有難う,どうもありがとう,{どうも有難う|どうも|ありがとう}
プー太郎,プーたろう,{プー太郎|プー|たろう}
プー太郎,ぷうたろう,{プー太郎|ぷう|たろう}
一途,いちず,{一途|いち|ず}
三位一体,さんみいったい,{三位一体|さん|み|いっ|たい}
上海,シャンハイ,{上海|シャン|ハイ}
主体,しゅたい,{主体|しゅ|たい}
主体,チュチェ,{主体|チュチェ}
亀甲,きっこう,{亀甲|きっ|こう}
予言,よげん,{予言|よ|げん}
予言,かねごと,{予言|かね|ごと}
二七日,ふたなぬか,{二七日|ふた|なぬ|か}
二十歳,はたとせ,{二十歳|はた|とせ}
伯楽,ばくろう,{伯楽|ばく|ろう}
伯父,えおじ,{伯父|え|おじ}
健気,けなげ,{健気|けな|げ}
儒艮,ジュゴン,{儒艮|ジュゴン}
先生,せんせい,{先生|せん|せい}
先生,シーサン,{先生|シーサン}
公司,コンス,{公司|コンス}
切支丹,キリシタン,{切支丹|キリシタン}
刻々,ギザギザ,{刻々|ギザギザ}
前後,ぜんご,{前後|ぜん|ご}
前後,まえしりえ,{前後|まえ|しりえ}
加特力,カトリック,{加特力|カトリック}
北,きた,{北|きた}
北,ペー,{北|ペー}
北,ほく,{北|ほく}
北京,ペキン,{北京|ペキン}
南,みなみ,{南|みなみ}
南,ナン,{南|ナン}
南,なん,{南|なん}
博多,はかた,{博多|はか|た}
厄瓜多,エクアドル,{厄瓜多|エクアドル}
叢立ち,むらだち,{叢立ち|むら|だち}
叢立ち,そうだち,{叢立ち|そう|だち}
古加涅,コカイン,{古加涅|コカイン}
可哀想,かわいそう,{可哀想|かわい|そう}
可愛い,かわいい,{可愛い|かわい|い}
可愛い,かわゆい,{可愛い|かわゆ|い}
可愛がる,かわいがる,{可愛がる|かわい|がる}
可愛らしい,かわいらしい,{可愛らしい|かわい|らしい}
合気道,あいきどう,{合気道|あい|き|どう}
合羽,カッパ,{合羽|カッパ}
名簿,めいぼ,{名簿|めい|ぼ}
名簿,みょうぶ,{名簿|みょう|ぶ}
呆然,ぼうぜん,{呆然|ぼう|ぜん}
和地関,バチカン,{和地関|バチカン}
団栗,どんぐり,{団栗|どんぐり}
土,つち,{土|つち}
土,ど,{土|ど}
土,に,{土|に}
土,ト,{土|ト}
型録,カタログ,{型録|カタログ}
垣間見る,かいまみる,{垣間見る|かいま|みる}
執拗い,しつこい,{執拗い|しつこ|い}
場合,ばあい,{場合|ば|あい}
場合,ばやい,{場合|ば|やい}
塞爾維,セルビア,{塞爾維|セルビア}
塩梅,あんばい,{塩梅|あん|ばい}
塵,ゴミ,{塵|ゴミ}
士篤恒,ストックホルム,{士篤恒|ストックホルム}
大分,だいぶ,{大分|だい|ぶ}
大分,おおいた,{大分|おお|いた}
太刀打ち,たちうち,{太刀打ち|たち|うち}
女子,じょし,{女子|じょ|し}
女子,めこ,{女子|め|こ}
女子,おなご,{女子|おなご}
宇柳貝,ウルグアイ,{宇柳貝|ウルグアイ}
安母尼亜,アンモニア,{安母尼亜|アンモニア}
完了,かんりょう,{完了|かん|りょう}
完了,ワンラ,{完了|ワンラ}
家鴨,アヒル,{家鴨|アヒル}
対面,たいめん,{対面|たい|めん}
対面,トイメン,{対面|トイ|メン}
小火,ぼや,{小火|ぼや}
小火,ボヤ,{小火|ボヤ}
小路,こうじ,{小路|こう|じ}
尼加拉瓦,ニカラグア,{尼加拉瓦|ニカラグア}
尼羅,ナイル,{尼羅|ナイル}
川面,かわも,{川面|かわ|も}
巴基斯担,パキスタン,{巴基斯担|パキスタン}
巴格達,バグダッド,{巴格達|バグダッド}
平和,へいわ,{平和|へい|わ}
平和,ピンフ,{平和|ピン|フ}
平壌,ピョンヤン,{平壌|ピョンヤン}
広東,カントン,{広東|カントン}
彼方,かなた,{彼方|かな|た}
律令,りつりょう,{律令|りつ|りょう}
得撒,テキサス,{得撒|テキサス}
御幸,ぎょうき,{御幸|ぎょう|き}
御用達,ごようたし,{御用達|ご|よう|たし}
御飯,おんいい,{御飯|おん|いい}
御飯,おまんま,{御飯|おまんま}
微妙,びみょう,{微妙|び|みょう}
微妙,みみょう,{微妙|み|みょう}
徳利,とっくり,{徳利|とっ|くり}
成吉思汗,ジンギスかん,{成吉思汗|ジンギスかん}
手前,てまえ,{手前|て|まえ}
手前,てめえ,{手前|てめえ}
投網,とあみ,{投網|と|あみ}
提灯,ちょうちん,{提灯|ちょう|ちん}
救済,きゅうさい,{救済|きゅう|さい}
救済,くさい,{救済|く|さい}
新嘉坡,シンガポール,{新嘉坡|シンガポール}
新西蘭,ニュージーランド,{新西蘭|ニュージーランド}
日和見,ひよりみ,{日和見|ひより|み}
日耳曼,ゲルマン,{日耳曼|ゲルマン}
明々後日,しあさって,{明々後日|しあさって}
晩香波,バンクーバー,{晩香波|バンクーバー}
曼谷,バンコク,{曼谷|バンコク}
有難う,ありがとう,{有難う|ありがとう}
有難うございました,ありがとうございました,{有難うございました|ありがとうございました}
有難うございます,ありがとうございます,{有難うございます|ありがとうございます}
来迎,らいごう,{来迎|らい|ごう}
東,あずま,{東|あずま}
東,ひがし,{東|ひがし}
東,トン,{東|トン}
東,とう,{東|とう}
板門店,パンムンジョム,{板門店|パンムンジョム}
桟敷,さじき,{桟敷|さじき}
椎茸,しいたけ,{椎茸|しい|たけ}
歌合,うたあわせ,{歌合|うた|あわせ}
水俣病,みなまたびょう,{水俣病|みなまた|びょう}
水母,クラゲ,{水母|クラゲ}
氷柱,ひょうちゅう,{氷柱|ひょう|ちゅう}
氷柱,つらら,{氷柱|つらら}
沢山,たくさん,{沢山|たく|さん}
沢山,だくさん,{沢山|だく|さん}
法華経,ほけきょう,{法華経|ほ|け|きょう}
泰,タイ,{泰|タイ}
洋杯,コップ,{洋杯|コップ}
洋袴,ズボン,{洋袴|ズボン}
浮き浮き,ウキウキ,{浮き浮き|ウキウキ}
混凝土,コンクリート,{混凝土|コンクリート}
清々しい,すがすがしい,{清々しい|すがすが|しい}
渋谷,しぶや,{渋谷|しぶ|や}
烏克蘭,ウクライナ,{烏克蘭|ウクライナ}
烏賊,いか,{烏賊|いか}
烏賊,イカ,{烏賊|イカ}
片仮名,カタカナ,{片仮名|カタ|カナ}
牙買加,ジャマイカ,{牙買加|ジャマイカ}
獅子女,スフィンクス,{獅子女|スフィンクス}
玖馬,キューバ,{玖馬|キューバ}
現代,げんだい,{現代|げん|だい}
現代,ヒュンダイ,{現代|ヒュンダイ}
生粋,きっすい,{生粋|きっ|すい}
甲冑,かっちゅう,{甲冑|かっ|ちゅう}
白百合,しらゆり,{白百合|しら|ゆり}
目論見,もくろみ,{目論見|もくろ|み}
直面,ちょくめん,{直面|ちょく|めん}
直面,ひためん,{直面|ひた|めん}
真っ赤,まっか,{真っ赤|まっ|か}
真っ青,まっさお,{真っ青|まっ|さお}
真田,さなだ,{真田|さな|だ}
眼差し,まなざし,{眼差し|まなざ|し}
眼鏡,めがね,{眼鏡|めがね}
眼鏡,メガネ,{眼鏡|メガネ}
眼鏡,がんきょう,{眼鏡|がん|きょう}
神戸,こうべ,{神戸|こう|べ}
科威都,クウェート,{科威都|クウェート}
空オケ,カラオケ,{空オケ|カラ|オケ}
突尼斯,チュニジア,{突尼斯|チュニジア}
立直,リーチ,{立直|リーチ}
第希蘭,テヘラン,{第希蘭|テヘラン}
等閑,なおざり,{等閑|なおざ|り}
築地,ついじ,{築地|つい|じ}
築山,つきやま,{築山|つき|やま}
紺屋,こうや,{紺屋|こう|や}
経緯,けいい,{経緯|けい|い}
経緯,たてぬき,{経緯|たて|ぬき}
羅宇,ラオス,{羅宇|ラオス}
臥児狼徳,グリーンランド,{臥児狼徳|グリーンランド}
舎路,シアトル,{舎路|シアトル}
舞妓,まいこ,{舞妓|まい|こ}
芒果,マンゴー,{芒果|マンゴー}
花瓶,かびん,{花瓶|か|びん}
花瓶,けびょう,{花瓶|け|びょう}
英蘭,イングランド,{英蘭|イングランド}
薄,すすき,{薄|すすき}
薄,ススキ,{薄|ススキ}
蘇維埃,ソビエト,{蘇維埃|ソビエト}
螺子,ネジ,{螺子|ネジ}
袋小路,ふくろこうじ,{袋小路|ふくろ|こう|じ}
裸足,はだし,{裸足|はだ|し}
西瓜,すいか,{西瓜|すい|か}
見出す,みいだす,{見出す|み|いだ|す}
見落し,みおとし,{見落し|み|おと|し}
詩歌,しいか,{詩歌|しい|か}
読経,どきょう,{読経|ど|きょう}
豚カツ,とんカツ,{豚カツ|とん|カツ}
豚カツ,とんかつ,{豚カツ|とん|かつ}
貝,かい,{貝|かい}
貝,バイ,{貝|バイ}
越後,えちご,{越後|えち|ご}
越歴,エレキ,{越歴|エレキ}
身代金要求,みのしろきんようきゅう,{身代金要求|みのしろきん|ようきゅう}
近衛,このえ,{近衛|この|え}
達頼喇嘛,ダライラマ,{達頼喇嘛|ダライラマ}
郵便切手,ゆうびんきって,{郵便切手|ゆうびん|きって}
野良犬,のらいぬ,{野良犬|のら|いぬ}
野良猫,のらねこ,{野良猫|のら|ねこ}
金糸雀,カナリア,{金糸雀|カナリア}
鈍間,のろま,{鈍間|のろ|ま}
錻力,ブリキ,{錻力|ブリキ}
阿呆,あほ,{阿呆|あ|ほ}
阿呆,アホ,{阿呆|ア|ホ}
雪特尼,シドニー,{雪特尼|シドニー}
青柳,あおやぎ,{青柳|あお|やぎ}
面子,メンツ,{面子|メン|ツ}
餃子,ギョーザ,{餃子|ギョー|ザ}
馬穴,バケツ,{馬穴|バケツ}
高嶺,たかね,{高嶺|たか|ね}
高麗,こうらい,{高麗|こう|らい}
鯛,たい,{鯛|たい}
鯛,タイ,{鯛|タイ}
鯨,くじら,{鯨|くじら}
鯨,クジラ,{鯨|クジラ}
麻雀,マージャン,{麻雀|マージャン}
黎巴嫩,レバノン,{黎巴嫩|レバノン}
１日,ついたち,{１日|ついたち}
１０万,じゅうまん,{１０万|じゅう|まん}
１０代,じゅうだい,{１０代|じゅう|だい}
１０日,とおか,{１０日|とおか}
１０月,じゅうがつ,{１０月|じゅう|がつ}
１００万,ひゃくまん,{１００万|ひゃく|まん}
１００億,ひゃくおく,{１００億|ひゃく|おく}
１００円ショップ,ひゃくえんショップ,{１００円ショップ|ひゃく|えん|ショップ}
１００均,ひゃっきん,{１００均|ひゃっ|きん}
１０００円,せんえん,{１０００円|せん|えん}
１１日,じゅういちにち,{１１日|じゅう|いち|にち}
１１月,じゅういちがつ,{１１月|じゅう|いち|がつ}
１１０番,ひゃくとおばん,{１１０番|ひゃく|とお|ばん}
１１９番,ひゃくじゅうきゅうばん,{１１９番|ひゃく|じゅう|きゅう|ばん}
１２日,じゅうににち,{１２日|じゅう|に|にち}
１２月,じゅうにがつ,{１２月|じゅう|に|がつ}
１３日,じゅうさんにち,{１３日|じゅう|さん|にち}
１４日,じゅうよっか,{１４日|じゅう|よっか}
１５日,じゅうごにち,{１５日|じゅう|ご|にち}
１６日,じゅうろくにち,{１６日|じゅう|ろく|にち}
１７日,じゅうしちにち,{１７日|じゅう|しち|にち}
１８日,じゅうはちにち,{１８日|じゅう|はち|にち}
１８０度,ひゃくはちじゅうど,{１８０度|ひゃく|はち|じゅう|ど}
１９日,じゅうくにち,{１９日|じゅう|く|にち}
２日,ふつか,{２日|ふつか}
２０日,はつか,{２０日|はつか}
２０歳,はたち,{２０歳|はたち}
２１日,にじゅういちにち,{２１日|に|じゅう|いち|にち}
２２日,にじゅうににち,{２２日|に|じゅう|に|にち}
２３日,にじゅうさんにち,{２３日|に|じゅう|さん|にち}
２４日,にじゅうよっか,{２４日|に|じゅう|よっか}
２５日,にじゅうごにち,{２５日|に|じゅう|ご|にち}
２６日,にじゅうろくにち,{２６日|に|じゅう|ろく|にち}
２７日,にじゅうしちにち,{２７日|に|じゅう|しち|にち}
２８日,にじゅうはちにち,{２８日|に|じゅう|はち|にち}
２９日,にじゅうくにち,{２９日|に|じゅう|く|にち}
３０日,さんじゅうにち,{３０日|さん|じゅう|にち}
３１日,さんじゅういちにち,{３１日|さん|じゅう|いち|にち}
３８度線,さんじゅうはちどせん,{３８度線|さん|じゅう|はち|ど|せん}